cement,slag,fly_ash,water,superplasticizer,coarse_agg,fine_agg,age,predicted_strength_mpa
540.0,0.0,0.0,162.0,2.5,1040.0,676.0,28,78.57371720280761
540.0,0.0,0.0,162.0,2.5,1055.0,676.0,28,63.4030715222122
332.5,142.5,0.0,228.0,0.0,932.0,594.0,270,40.27069374633478
332.5,142.5,0.0,228.0,0.0,932.0,594.0,365,40.91480204298682
198.6,132.4,0.0,192.0,0.0,978.4,825.5,360,44.21959151961403
266.0,114.0,0.0,228.0,0.0,932.0,670.0,90,47.59740683782556
380.0,95.0,0.0,228.0,0.0,932.0,594.0,365,43.0257147514794
380.0,95.0,0.0,228.0,0.0,932.0,594.0,28,36.34114873921871
266.0,114.0,0.0,228.0,0.0,932.0,670.0,28,45.732807219924396
475.0,0.0,0.0,228.0,0.0,932.0,594.0,28,38.50552528036992
198.6,132.4,0.0,192.0,0.0,978.4,825.5,90,38.23363249539653
198.6,132.4,0.0,192.0,0.0,978.4,825.5,28,28.25407337419177
427.5,47.5,0.0,228.0,0.0,932.0,594.0,270,42.81598372527236
190.0,190.0,0.0,228.0,0.0,932.0,670.0,90,43.09357522934226
304.0,76.0,0.0,228.0,0.0,932.0,670.0,28,47.54531963989032
380.0,0.0,0.0,228.0,0.0,932.0,670.0,90,51.59471471115094
139.6,209.4,0.0,192.0,0.0,1047.0,806.9,90,39.302993905476534
342.0,38.0,0.0,228.0,0.0,932.0,670.0,365,55.8628175279012
380.0,95.0,0.0,228.0,0.0,932.0,594.0,90,40.5902587804445
475.0,0.0,0.0,228.0,0.0,932.0,594.0,180,42.17622638960461
427.5,47.5,0.0,228.0,0.0,932.0,594.0,180,41.89725666346952
139.6,209.4,0.0,192.0,0.0,1047.0,806.9,28,28.362347574486364
139.6,209.4,0.0,192.0,0.0,1047.0,806.9,3,8.158152417817464
139.6,209.4,0.0,192.0,0.0,1047.0,806.9,180,44.00535191748324
380.0,0.0,0.0,228.0,0.0,932.0,670.0,365,53.45491318620196
380.0,0.0,0.0,228.0,0.0,932.0,670.0,270,53.26288333791841
380.0,95.0,0.0,228.0,0.0,932.0,594.0,270,42.01137560986943
342.0,38.0,0.0,228.0,0.0,932.0,670.0,180,52.535997690297165
427.5,47.5,0.0,228.0,0.0,932.0,594.0,28,37.04839925878672
475.0,0.0,0.0,228.0,0.0,932.0,594.0,7,38.036021677895
304.0,76.0,0.0,228.0,0.0,932.0,670.0,365,55.03204005313337
266.0,114.0,0.0,228.0,0.0,932.0,670.0,365,53.032915625846776
198.6,132.4,0.0,192.0,0.0,978.4,825.5,180,41.368190464728414
475.0,0.0,0.0,228.0,0.0,932.0,594.0,270,42.50515648138833
190.0,190.0,0.0,228.0,0.0,932.0,670.0,365,53.00407027051146
237.5,237.5,0.0,228.0,0.0,932.0,594.0,270,38.367686746714035
237.5,237.5,0.0,228.0,0.0,932.0,594.0,28,30.218422048863868
332.5,142.5,0.0,228.0,0.0,932.0,594.0,90,37.724957838949244
475.0,0.0,0.0,228.0,0.0,932.0,594.0,90,42.22809067404268
237.5,237.5,0.0,228.0,0.0,932.0,594.0,180,36.126754487723595
342.0,38.0,0.0,228.0,0.0,932.0,670.0,90,50.84281431470531
427.5,47.5,0.0,228.0,0.0,932.0,594.0,365,43.42697375876625
237.5,237.5,0.0,228.0,0.0,932.0,594.0,365,39.0135902735221
380.0,0.0,0.0,228.0,0.0,932.0,670.0,180,52.50164831024695
427.5,47.5,0.0,228.0,0.0,932.0,594.0,90,41.51761457898262
427.5,47.5,0.0,228.0,0.0,932.0,594.0,7,35.46892216188523
349.0,0.0,0.0,192.0,0.0,1047.0,806.9,3,15.348351524839789
380.0,95.0,0.0,228.0,0.0,932.0,594.0,180,41.07070787775031
237.5,237.5,0.0,228.0,0.0,932.0,594.0,7,25.45703005372866
380.0,95.0,0.0,228.0,0.0,932.0,594.0,7,32.967935953232896
332.5,142.5,0.0,228.0,0.0,932.0,594.0,180,39.3938866307473
190.0,190.0,0.0,228.0,0.0,932.0,670.0,180,47.288939583689384
237.5,237.5,0.0,228.0,0.0,932.0,594.0,90,33.98165865950463
304.0,76.0,0.0,228.0,0.0,932.0,670.0,90,49.42310104706493
139.6,209.4,0.0,192.0,0.0,1047.0,806.9,7,14.12867799437339
198.6,132.4,0.0,192.0,0.0,978.4,825.5,7,14.434556663571708
475.0,0.0,0.0,228.0,0.0,932.0,594.0,365,42.88784195987182
198.6,132.4,0.0,192.0,0.0,978.4,825.5,3,9.094597653322776
304.0,76.0,0.0,228.0,0.0,932.0,670.0,180,51.154185925760096
332.5,142.5,0.0,228.0,0.0,932.0,594.0,28,34.047576381740846
304.0,76.0,0.0,228.0,0.0,932.0,670.0,270,54.06950408602811
266.0,114.0,0.0,228.0,0.0,932.0,670.0,270,51.63922719724013
310.0,0.0,0.0,192.0,0.0,971.0,850.6,3,10.463181210735465
190.0,190.0,0.0,228.0,0.0,932.0,670.0,270,50.58006569300443
266.0,114.0,0.0,228.0,0.0,932.0,670.0,180,49.112452212132055
342.0,38.0,0.0,228.0,0.0,932.0,670.0,270,54.877758848365914
139.6,209.4,0.0,192.0,0.0,1047.0,806.9,360,44.65210072994428
332.5,142.5,0.0,228.0,0.0,932.0,594.0,7,30.75155304634115
190.0,190.0,0.0,228.0,0.0,932.0,670.0,28,40.43271190382606
485.0,0.0,0.0,146.0,0.0,1120.0,800.0,28,71.95652117236405
374.0,189.2,0.0,170.1,10.1,926.1,756.7,3,33.71000560555461
313.3,262.2,0.0,175.5,8.6,1046.9,611.8,3,28.494205713708844
425.0,106.3,0.0,153.5,16.5,852.1,887.1,3,33.73634276468392
425.0,106.3,0.0,151.4,18.6,936.0,803.7,3,35.625291469268575
375.0,93.8,0.0,126.6,23.4,852.1,992.6,3,29.208222941076464
475.0,118.8,0.0,181.1,8.9,852.1,781.5,3,38.1582734242987
469.0,117.2,0.0,137.8,32.2,852.1,840.5,3,40.131502398228946
425.0,106.3,0.0,153.5,16.5,852.1,887.1,3,33.73634276468392
388.6,97.1,0.0,157.9,12.1,852.1,925.7,3,27.86785176852859
531.3,0.0,0.0,141.8,28.2,852.1,893.7,3,40.631858188008714
425.0,106.3,0.0,153.5,16.5,852.1,887.1,3,33.73634276468392
318.8,212.5,0.0,155.7,14.3,852.1,880.4,3,24.791738198995237
401.8,94.7,0.0,147.4,11.4,946.8,852.1,3,40.94780108824475
362.6,189.0,0.0,164.9,11.6,944.7,755.8,3,35.30542517006169
323.7,282.8,0.0,183.8,10.3,942.7,659.9,3,28.95355926224173
379.5,151.2,0.0,153.9,15.9,1134.3,605.0,3,28.555292871301937
362.6,189.0,0.0,164.9,11.6,944.7,755.8,3,35.30542517006169
286.3,200.9,0.0,144.7,11.2,1004.6,803.7,3,24.73540492794592
362.6,189.0,0.0,164.9,11.6,944.7,755.8,3,35.30542517006169
439.0,177.0,0.0,186.0,11.1,884.9,707.9,3,39.181117970632165
389.9,189.0,0.0,145.9,22.0,944.7,755.8,3,41.017991131722184
362.6,189.0,0.0,164.9,11.6,944.7,755.8,3,35.30542517006169
337.9,189.0,0.0,174.9,9.5,944.7,755.8,3,23.926986152933555
374.0,189.2,0.0,170.1,10.1,926.1,756.7,7,46.127010394088
313.3,262.2,0.0,175.5,8.6,1046.9,611.8,7,42.88753788186563
425.0,106.3,0.0,153.5,16.5,852.1,887.1,7,48.85870812127264
425.0,106.3,0.0,151.4,18.6,936.0,803.7,7,47.32229009488243
375.0,93.8,0.0,126.6,23.4,852.1,992.6,7,45.537814854950284
475.0,118.8,0.0,181.1,8.9,852.1,781.5,7,55.489467603002005
469.0,117.2,0.0,137.8,32.2,852.1,840.5,7,55.24709365436665
425.0,106.3,0.0,153.5,16.5,852.1,887.1,7,48.85870812127264
388.6,97.1,0.0,157.9,12.1,852.1,925.7,7,35.28092943505726
531.3,0.0,0.0,141.8,28.2,852.1,893.7,7,46.96725384486645
425.0,106.3,0.0,153.5,16.5,852.1,887.1,7,48.85870812127264
318.8,212.5,0.0,155.7,14.3,852.1,880.4,7,33.577118706336535
401.8,94.7,0.0,147.4,11.4,946.8,852.1,7,54.13990935490264
362.6,189.0,0.0,164.9,11.6,944.7,755.8,7,47.65849571492638
323.7,282.8,0.0,183.8,10.3,942.7,659.9,7,49.71184797544503
379.5,151.2,0.0,153.9,15.9,1134.3,605.0,7,46.97611729655503
362.6,189.0,0.0,164.9,11.6,944.7,755.8,7,47.65849571492638
286.3,200.9,0.0,144.7,11.2,1004.6,803.7,7,38.046950810063095
362.6,189.0,0.0,164.9,11.6,944.7,755.8,7,47.65849571492638
439.0,177.0,0.0,186.0,11.1,884.9,707.9,7,55.841143588582284
389.9,189.0,0.0,145.9,22.0,944.7,755.8,7,58.51600435893203
362.6,189.0,0.0,164.9,11.6,944.7,755.8,7,47.65849571492638
337.9,189.0,0.0,174.9,9.5,944.7,755.8,7,35.24456371042899
374.0,189.2,0.0,170.1,10.1,926.1,756.7,28,61.11129019597202
313.3,262.2,0.0,175.5,8.6,1046.9,611.8,28,59.44640140912691
425.0,106.3,0.0,153.5,16.5,852.1,887.1,28,60.36485762149344
425.0,106.3,0.0,151.4,18.6,936.0,803.7,28,61.392419223536734
375.0,93.8,0.0,126.6,23.4,852.1,992.6,28,56.49997436537729
475.0,118.8,0.0,181.1,8.9,852.1,781.5,28,68.41106212831329
469.0,117.2,0.0,137.8,32.2,852.1,840.5,28,66.7557468839111
425.0,106.3,0.0,153.5,16.5,852.1,887.1,28,60.36485762149344
388.6,97.1,0.0,157.9,12.1,852.1,925.7,28,50.57992212582325
531.3,0.0,0.0,141.8,28.2,852.1,893.7,28,56.742463823251555
425.0,106.3,0.0,153.5,16.5,852.1,887.1,28,60.36485762149344
318.8,212.5,0.0,155.7,14.3,852.1,880.4,28,55.91255319798585
401.8,94.7,0.0,147.4,11.4,946.8,852.1,28,68.57724819010124
362.6,189.0,0.0,164.9,11.6,944.7,755.8,28,71.20311877954171
323.7,282.8,0.0,183.8,10.3,942.7,659.9,28,74.23108251575859
379.5,151.2,0.0,153.9,15.9,1134.3,605.0,28,52.03632101266987
362.6,189.0,0.0,164.9,11.6,944.7,755.8,28,71.20311877954171
286.3,200.9,0.0,144.7,11.2,1004.6,803.7,28,67.0689800481596
362.6,189.0,0.0,164.9,11.6,944.7,755.8,28,71.20311877954171
439.0,177.0,0.0,186.0,11.1,884.9,707.9,28,66.6651853063154
389.9,189.0,0.0,145.9,22.0,944.7,755.8,28,74.87613029450907
362.6,189.0,0.0,164.9,11.6,944.7,755.8,28,71.20311877954171
337.9,189.0,0.0,174.9,9.5,944.7,755.8,28,50.793502935563104
374.0,189.2,0.0,170.1,10.1,926.1,756.7,56,63.641524294283386
313.3,262.2,0.0,175.5,8.6,1046.9,611.8,56,65.48072855930211
425.0,106.3,0.0,153.5,16.5,852.1,887.1,56,64.18839520763416
425.0,106.3,0.0,151.4,18.6,936.0,803.7,56,65.17182961202039
375.0,93.8,0.0,126.6,23.4,852.1,992.6,56,60.27441144083345
475.0,118.8,0.0,181.1,8.9,852.1,781.5,56,72.15558982290908
469.0,117.2,0.0,137.8,32.2,852.1,840.5,56,69.27427913124532
425.0,106.3,0.0,153.5,16.5,852.1,887.1,56,64.18839520763416
388.6,97.1,0.0,157.9,12.1,852.1,925.7,56,55.25095930380148
531.3,0.0,0.0,141.8,28.2,852.1,893.7,56,58.886264884762795
425.0,106.3,0.0,153.5,16.5,852.1,887.1,56,64.18839520763416
318.8,212.5,0.0,155.7,14.3,852.1,880.4,56,65.91388967036028
401.8,94.7,0.0,147.4,11.4,946.8,852.1,56,73.6730745722347
362.6,189.0,0.0,164.9,11.6,944.7,755.8,56,77.23845056269766
323.7,282.8,0.0,183.8,10.3,942.7,659.9,56,79.67268498025788
379.5,151.2,0.0,153.9,15.9,1134.3,605.0,56,54.89806833108845
362.6,189.0,0.0,164.9,11.6,944.7,755.8,56,77.23845056269766
286.3,200.9,0.0,144.7,11.2,1004.6,803.7,56,73.48597701306039
362.6,189.0,0.0,164.9,11.6,944.7,755.8,56,77.23845056269766
439.0,177.0,0.0,186.0,11.1,884.9,707.9,56,71.66350176076264
389.9,189.0,0.0,145.9,22.0,944.7,755.8,56,79.55988452859916
362.6,189.0,0.0,164.9,11.6,944.7,755.8,56,77.23845056269766
337.9,189.0,0.0,174.9,9.5,944.7,755.8,56,60.16530938785062
374.0,189.2,0.0,170.1,10.1,926.1,756.7,91,65.47986815233655
313.3,262.2,0.0,175.5,8.6,1046.9,611.8,91,66.76515289469627
425.0,106.3,0.0,153.5,16.5,852.1,887.1,91,65.22742381466803
425.0,106.3,0.0,151.4,18.6,936.0,803.7,91,66.89973460758227
375.0,93.8,0.0,126.6,23.4,852.1,992.6,91,62.45380719369676
475.0,118.8,0.0,181.1,8.9,852.1,781.5,91,74.00616948579611
469.0,117.2,0.0,137.8,32.2,852.1,840.5,91,70.54332385813885
425.0,106.3,0.0,153.5,16.5,852.1,887.1,91,65.22742381466803
388.6,97.1,0.0,157.9,12.1,852.1,925.7,91,57.7656044627132
531.3,0.0,0.0,141.8,28.2,852.1,893.7,91,59.97850725670764
425.0,106.3,0.0,153.5,16.5,852.1,887.1,91,65.22742381466803
318.8,212.5,0.0,155.7,14.3,852.1,880.4,91,68.07762215538625
401.8,94.7,0.0,147.4,11.4,946.8,852.1,91,75.38400057271204
362.6,189.0,0.0,164.9,11.6,944.7,755.8,91,79.377628081535
379.5,151.2,0.0,153.9,15.9,1134.3,605.0,91,56.74638900197618
362.6,189.0,0.0,164.9,11.6,944.7,755.8,91,79.377628081535
286.3,200.9,0.0,144.7,11.2,1004.6,803.7,91,76.51377525026061
362.6,189.0,0.0,164.9,11.6,944.7,755.8,91,79.377628081535
439.0,177.0,0.0,186.0,11.1,884.9,707.9,91,73.10172293484844
389.9,189.0,0.0,145.9,22.0,944.7,755.8,91,82.04111359245638
362.6,189.0,0.0,164.9,11.6,944.7,755.8,91,79.377628081535
337.9,189.0,0.0,174.9,9.5,944.7,755.8,91,66.52375757443451
222.36,0.0,96.67,189.29,4.46,967.08,870.32,3,11.677533479999353
222.36,0.0,96.67,189.29,4.46,967.08,870.32,14,23.755870563292277
222.36,0.0,96.67,189.29,4.46,967.08,870.32,28,25.472361961163003
222.36,0.0,96.67,189.29,4.46,967.08,870.32,56,30.53603492549986
222.36,0.0,96.67,189.29,4.46,967.08,870.32,100,39.544904454853935
233.81,0.0,94.58,197.89,4.567,947.04,852.16,3,10.315275050506406
233.81,0.0,94.58,197.89,4.567,947.04,852.16,14,21.704429178615865
233.81,0.0,94.58,197.89,4.567,947.04,852.16,28,23.328095680918935
233.81,0.0,94.58,197.89,4.567,947.04,852.16,56,27.729988739045055
233.81,0.0,94.58,197.89,4.567,947.04,852.16,100,34.64356466088741
194.68,0.0,100.52,165.62,7.48,1006.4,905.9,3,12.30860228902274
194.68,0.0,100.52,165.62,7.48,1006.4,905.9,14,23.726120446726824
194.68,0.0,100.52,165.62,7.48,1006.4,905.9,28,26.864680740803685
194.68,0.0,100.52,165.62,7.48,1006.4,905.9,56,34.41133406994305
194.68,0.0,100.52,165.62,7.48,1006.4,905.9,100,37.80321035738013
190.68,0.0,125.4,162.14,7.77,1090.0,804.01,3,14.487635289997023
190.68,0.0,125.4,162.14,7.77,1090.0,804.01,14,21.439207350829083
190.68,0.0,125.4,162.14,7.77,1090.0,804.01,28,26.702534895482167
190.68,0.0,125.4,162.14,7.77,1090.0,804.01,56,36.080520899190915
190.68,0.0,125.4,162.14,7.77,1090.0,804.01,100,40.02206691875146
212.07,0.0,121.62,180.31,5.69,1057.6,779.32,3,12.37226042847097
212.07,0.0,121.62,180.31,5.69,1057.6,779.32,14,20.560509143647167
212.07,0.0,121.62,180.31,5.69,1057.6,779.32,28,25.87459199952042
212.07,0.0,121.62,180.31,5.69,1057.6,779.32,56,34.11566664673284
212.07,0.0,121.62,180.31,5.69,1057.6,779.32,100,39.55022937378385
229.97,0.0,118.31,195.47,4.63,1029.4,758.59,3,10.341648987418209
229.97,0.0,118.31,195.47,4.63,1029.4,758.59,14,20.452314259616653
229.97,0.0,118.31,195.47,4.63,1029.4,758.59,28,24.155388128915845
229.97,0.0,118.31,195.47,4.63,1029.4,758.59,56,31.29954890546691
229.97,0.0,118.31,195.47,4.63,1029.4,758.59,100,36.21314868935474
190.34,0.0,125.18,161.85,9.88,1088.1,802.59,3,10.511826507063748
190.34,0.0,125.18,161.85,9.88,1088.1,802.59,14,22.411456625646636
190.34,0.0,125.18,161.85,9.88,1088.1,802.59,28,28.11195374762419
190.34,0.0,125.18,161.85,9.88,1088.1,802.59,56,37.93467665534236
190.34,0.0,125.18,161.85,9.88,1088.1,802.59,100,40.184216351086796
166.09,0.0,163.27,176.46,4.49,1058.6,780.09,3,11.502241034640518
166.09,0.0,163.27,176.46,4.49,1058.6,780.09,14,23.708276189835672
166.09,0.0,163.27,176.46,4.49,1058.6,780.09,28,21.949550745515687
166.09,0.0,163.27,176.46,4.49,1058.6,780.09,56,28.893415000646307
166.09,0.0,163.27,176.46,4.49,1058.6,780.09,100,33.81741992077416
167.95,42.08,163.83,121.75,5.72,1058.7,780.11,3,7.78760685434669
167.95,42.08,163.83,121.75,5.72,1058.7,780.11,14,17.746920337583646
167.95,42.08,163.83,121.75,5.72,1058.7,780.11,28,24.361519451960966
167.95,42.08,163.83,121.75,5.72,1058.7,780.11,56,33.0221328642807
167.95,42.08,163.83,121.75,5.72,1058.7,780.11,100,38.95716881788623
213.72,98.05,24.51,181.71,6.86,1065.8,785.38,3,18.196041629568164
213.72,98.05,24.51,181.71,6.86,1065.8,785.38,14,29.9564839174897
213.72,98.05,24.51,181.71,6.86,1065.8,785.38,28,44.91885934708216
213.72,98.05,24.51,181.71,6.86,1065.8,785.38,56,50.92439593934113
213.72,98.05,24.51,181.71,6.86,1065.8,785.38,100,54.308899550840266
213.76,98.06,24.52,181.74,6.65,1066.0,785.52,3,13.242609375639631
213.76,98.06,24.52,181.74,6.65,1066.0,785.52,14,20.08006925209365
213.76,98.06,24.52,181.74,6.65,1066.0,785.52,28,39.33028626263457
213.76,98.06,24.52,181.74,6.65,1066.0,785.52,56,46.352040543491896
213.76,98.06,24.52,181.74,6.65,1066.0,785.52,100,49.82980467204521
229.68,0.0,118.16,195.23,6.13,1028.1,757.63,3,13.085731354390425
229.68,0.0,118.16,195.23,6.13,1028.1,757.63,14,21.986655490079904
229.68,0.0,118.16,195.23,6.13,1028.1,757.63,28,24.843565588009337
229.68,0.0,118.16,195.23,6.13,1028.1,757.63,56,32.172782376868454
229.68,0.0,118.16,195.23,6.13,1028.1,757.63,100,39.62905144854034
238.05,0.0,94.11,186.66,7.0,949.91,847.01,3,18.883258840102194
238.05,0.0,94.11,186.66,7.0,949.91,847.01,14,26.273121768041324
238.05,0.0,94.11,186.66,7.0,949.91,847.01,28,30.127667045364237
238.05,0.0,94.11,186.66,7.0,949.91,847.01,56,39.767367381747405
238.05,0.0,94.11,186.66,7.0,949.91,847.01,100,44.26645017722659
250.0,0.0,95.69,187.42,5.53,956.86,861.17,3,13.681661512384023
250.0,0.0,95.69,187.42,5.53,956.86,861.17,14,24.858483518496563
250.0,0.0,95.69,187.42,5.53,956.86,861.17,28,29.535380181791215
250.0,0.0,95.69,187.42,5.53,956.86,861.17,56,38.638560660373315
250.0,0.0,95.69,187.42,5.53,956.86,861.17,100,42.595529526286086
212.52,0.0,100.37,159.32,8.71,1007.8,903.59,3,13.649100525584526
212.52,0.0,100.37,159.32,8.71,1007.8,903.59,14,25.690049178299407
212.52,0.0,100.37,159.32,8.71,1007.8,903.59,28,32.35931851725527
212.52,0.0,100.37,159.32,8.71,1007.8,903.59,56,42.02419966369194
212.52,0.0,100.37,159.32,8.71,1007.8,903.59,100,43.397041842591776
212.57,0.0,100.39,159.35,10.37,1003.8,903.79,3,13.252746344450284
212.57,0.0,100.39,159.35,10.37,1003.8,903.79,14,26.2585296124956
212.57,0.0,100.39,159.35,10.37,1003.8,903.79,28,36.34477711951651
212.57,0.0,100.39,159.35,10.37,1003.8,903.79,56,44.89118202722598
212.57,0.0,100.39,159.35,10.37,1003.8,903.79,100,47.58909270421525
212.0,0.0,124.78,159.0,7.84,1085.4,799.54,3,19.388770987013743
212.0,0.0,124.78,159.0,7.84,1085.4,799.54,14,31.241191078917353
212.0,0.0,124.78,159.0,7.84,1085.4,799.54,28,38.26168110140571
212.0,0.0,124.78,159.0,7.84,1085.4,799.54,56,44.48589160967213
212.0,0.0,124.78,159.0,7.84,1085.4,799.54,100,48.633001122285535
231.75,0.0,121.62,173.96,6.72,1056.4,778.45,3,15.351882530054127
231.75,0.0,121.62,173.96,6.72,1056.4,778.45,14,26.65751893366558
231.75,0.0,121.62,173.96,6.72,1056.4,778.45,28,33.88411144298172
231.75,0.0,121.62,173.96,6.72,1056.4,778.45,56,42.444314232756014
231.75,0.0,121.62,173.96,6.72,1056.4,778.45,100,45.89946456495629
251.37,0.0,118.27,188.45,5.75,1028.4,757.73,3,16.329662953448704
251.37,0.0,118.27,188.45,5.75,1028.4,757.73,14,27.79060758002644
251.37,0.0,118.27,188.45,5.75,1028.4,757.73,28,31.0357326785003
251.37,0.0,118.27,188.45,5.75,1028.4,757.73,56,38.15184916544425
251.37,0.0,118.27,188.45,5.75,1028.4,757.73,100,43.20232635007187
251.37,0.0,118.27,188.45,6.35,1028.4,757.73,3,13.8552297358052
251.37,0.0,118.27,188.45,6.35,1028.4,757.73,14,25.326077209358033
251.37,0.0,118.27,188.45,6.35,1028.4,757.73,28,31.442972882321136
251.37,0.0,118.27,188.45,6.35,1028.4,757.73,56,37.87673271363083
251.37,0.0,118.27,188.45,6.35,1028.4,757.73,100,43.78898021095408
181.38,0.0,167.01,169.59,7.56,1055.6,777.8,3,13.214778414683
181.38,0.0,167.01,169.59,7.56,1055.6,777.8,14,21.65082413917962
181.38,0.0,167.01,169.59,7.56,1055.6,777.8,28,27.801233405638072
181.38,0.0,167.01,169.59,7.56,1055.6,777.8,56,36.428529898461065
181.38,0.0,167.01,169.59,7.56,1055.6,777.8,100,44.56785379233025
182.04,45.21,121.97,170.21,8.19,1059.4,780.65,3,7.973399158137826
182.04,45.21,121.97,170.21,8.19,1059.4,780.65,14,22.014109273629117
182.04,45.21,121.97,170.21,8.19,1059.4,780.65,28,31.10920732653304
182.04,45.21,121.97,170.21,8.19,1059.4,780.65,56,42.37105415612307
182.04,45.21,121.97,170.21,8.19,1059.4,780.65,100,48.465267012524016
168.88,42.22,124.25,158.33,10.83,1080.8,796.15,3,7.7486685033372265
168.88,42.22,124.25,158.33,10.83,1080.8,796.15,14,23.330721122247475
168.88,42.22,124.25,158.33,10.83,1080.8,796.15,28,31.092243251370647
168.88,42.22,124.25,158.33,10.83,1080.8,796.15,56,39.496173021792146
168.88,42.22,124.25,158.33,10.83,1080.8,796.15,100,47.69945009790358
290.35,0.0,96.18,168.08,9.41,961.18,865.0,3,22.051293371722835
290.35,0.0,96.18,168.08,9.41,961.18,865.0,14,34.63296584886051
290.35,0.0,96.18,168.08,9.41,961.18,865.0,28,35.549764452255275
290.35,0.0,96.18,168.08,9.41,961.18,865.0,56,45.11061695988793
290.35,0.0,96.18,168.08,9.41,961.18,865.0,100,48.81009370268258
277.05,0.0,97.39,160.6,11.83,973.9,875.61,3,23.37302375763627
277.05,0.0,97.39,160.6,11.83,973.9,875.61,14,41.28740405659304
277.05,0.0,97.39,160.6,11.83,973.9,875.61,28,47.54454800463831
277.05,0.0,97.39,160.6,11.83,973.9,875.61,56,51.75314335708404
277.05,0.0,97.39,160.6,11.83,973.9,875.61,100,55.64438314879088
295.71,0.0,95.64,171.54,8.87,955.14,859.2,3,23.107031211768607
295.71,0.0,95.64,171.54,8.87,955.14,859.2,14,35.18515648606132
295.71,0.0,95.64,171.54,8.87,955.14,859.2,28,39.94196685199427
295.71,0.0,95.64,171.54,8.87,955.14,859.2,56,48.41245318287108
295.71,0.0,95.64,171.54,8.87,955.14,859.2,100,51.667602163228665
251.81,0.0,99.94,146.14,12.35,1006.0,899.76,3,20.3249156562927
251.81,0.0,99.94,146.14,12.35,1006.0,899.76,14,33.06590274114243
251.81,0.0,99.94,146.14,12.35,1006.0,899.76,28,34.70876457948866
251.81,0.0,99.94,146.14,12.35,1006.0,899.76,56,43.74268799227349
251.81,0.0,99.94,146.14,12.35,1006.0,899.76,100,46.159239466243704
249.1,0.0,98.75,158.11,12.8,987.76,889.01,3,15.432087726845715
249.1,0.0,98.75,158.11,12.8,987.76,889.01,14,28.72576015689532
249.1,0.0,98.75,158.11,12.8,987.76,889.01,28,32.049465286640846
249.1,0.0,98.75,158.11,12.8,987.76,889.01,56,41.758712868267665
249.1,0.0,98.75,158.11,12.8,987.76,889.01,100,49.98628026435965
252.31,0.0,98.75,146.25,14.17,987.76,889.01,3,22.247515192003057
252.31,0.0,98.75,146.25,14.17,987.76,889.01,14,42.49746678776047
252.31,0.0,98.75,146.25,14.17,987.76,889.01,28,49.5578085921625
252.31,0.0,98.75,146.25,14.17,987.76,889.01,56,56.152917068854556
252.31,0.0,98.75,146.25,14.17,987.76,889.01,100,60.8540845115603
246.83,0.0,125.08,143.3,11.99,1086.8,800.89,3,23.930182114620386
246.83,0.0,125.08,143.3,11.99,1086.8,800.89,14,42.156130405415766
246.83,0.0,125.08,143.3,11.99,1086.8,800.89,28,52.614112490777465
246.83,0.0,125.08,143.3,11.99,1086.8,800.89,56,60.403846107360096
246.83,0.0,125.08,143.3,11.99,1086.8,800.89,100,66.21135181197076
275.07,0.0,121.35,159.48,9.9,1053.6,777.5,3,23.844215162500358
275.07,0.0,121.35,159.48,9.9,1053.6,777.5,14,38.78471684593471
275.07,0.0,121.35,159.48,9.9,1053.6,777.5,28,51.17325370237542
275.07,0.0,121.35,159.48,9.9,1053.6,777.5,56,56.8147204458176
275.07,0.0,121.35,159.48,9.9,1053.6,777.5,100,58.404999940276994
297.16,0.0,117.54,174.8,9.52,1022.8,753.45,3,22.077915247341522
297.16,0.0,117.54,174.8,9.52,1022.8,753.45,14,37.329071537975985
297.16,0.0,117.54,174.8,9.52,1022.8,753.45,28,46.169144545327775
297.16,0.0,117.54,174.8,9.52,1022.8,753.45,56,52.74851280767254
297.16,0.0,117.54,174.8,9.52,1022.8,753.45,100,56.585482872525105
213.74,0.0,174.74,154.79,10.16,1053.5,776.35,3,17.38065743815958
213.74,0.0,174.74,154.79,10.16,1053.5,776.35,14,32.79005995513866
213.74,0.0,174.74,154.79,10.16,1053.5,776.35,28,41.38637257843465
213.74,0.0,174.74,154.79,10.16,1053.5,776.35,56,46.672553813919606
213.74,0.0,174.74,154.79,10.16,1053.5,776.35,100,50.35004472261837
213.5,0.0,174.24,154.61,11.66,1052.3,775.48,3,17.505131138039285
213.5,0.0,174.24,154.61,11.66,1052.3,775.48,14,33.85209469239689
213.5,0.0,174.24,154.61,11.66,1052.3,775.48,28,46.06482066388952
213.5,0.0,174.24,154.61,11.66,1052.3,775.48,56,51.959022960520244
213.5,0.0,174.24,154.61,11.66,1052.3,775.48,100,58.106285366266164
277.19,97.82,24.46,160.7,11.19,1061.7,782.46,3,30.36802180322034
277.19,97.82,24.46,160.7,11.19,1061.7,782.46,14,47.842692188268515
277.19,97.82,24.46,160.7,11.19,1061.7,782.46,28,62.476261689418976
277.19,97.82,24.46,160.7,11.19,1061.7,782.46,56,66.86899810236625
277.19,97.82,24.46,160.7,11.19,1061.7,782.46,100,67.66956149998951
218.23,54.64,123.78,140.75,11.91,1075.7,792.67,3,26.68384388688161
218.23,54.64,123.78,140.75,11.91,1075.7,792.67,14,36.30742900479501
218.23,54.64,123.78,140.75,11.91,1075.7,792.67,28,55.492356936677204
218.23,54.64,123.78,140.75,11.91,1075.7,792.67,56,62.046018392389165
218.23,54.64,123.78,140.75,11.91,1075.7,792.67,100,63.58868267795961
214.9,53.8,121.89,155.63,9.61,1014.3,780.58,3,18.57479718392984
214.9,53.8,121.89,155.63,9.61,1014.3,780.58,14,38.45218334798621
214.9,53.8,121.89,155.63,9.61,1014.3,780.58,28,51.169299935734074
214.9,53.8,121.89,155.63,9.61,1014.3,780.58,56,54.163182142105725
214.9,53.8,121.89,155.63,9.61,1014.3,780.58,100,57.19659771802118
218.85,0.0,124.13,158.49,11.33,1078.7,794.91,3,15.296391414510385
218.85,0.0,124.13,158.49,11.33,1078.7,794.91,14,25.948529944182354
218.85,0.0,124.13,158.49,11.33,1078.7,794.91,28,30.412367627863254
218.85,0.0,124.13,158.49,11.33,1078.7,794.91,56,37.54214685515786
218.85,0.0,124.13,158.49,11.33,1078.7,794.91,100,46.1076086021407
376.0,0.0,0.0,214.6,0.0,1003.5,762.36,3,15.787676945083224
376.0,0.0,0.0,214.6,0.0,1003.5,762.36,14,26.106684628075985
376.0,0.0,0.0,214.6,0.0,1003.5,762.36,28,32.272990319829255
376.0,0.0,0.0,214.6,0.0,1003.5,762.36,56,36.66933183937372
376.0,0.0,0.0,214.6,0.0,1003.5,762.36,100,42.26457387699991
500.0,0.0,0.0,140.0,4.0,966.0,853.0,28,67.73196005591744
475.0,0.0,59.0,142.0,1.9,1098.0,641.0,28,57.0516546050369
315.0,137.0,0.0,145.0,5.9,1130.0,745.0,28,81.57541771263634
505.0,0.0,60.0,195.0,0.0,1030.0,630.0,28,64.07090981604195
451.0,0.0,0.0,165.0,11.25,1030.0,745.0,28,77.93469999480794
516.0,0.0,0.0,162.0,8.2,801.0,802.0,28,41.50799433314034
520.0,0.0,0.0,170.0,5.2,855.0,855.0,28,59.48356150967646
528.0,0.0,0.0,185.0,6.86,920.0,720.0,28,56.79262370445886
520.0,0.0,0.0,175.0,5.2,870.0,805.0,28,51.726985988546474
385.0,0.0,136.0,158.0,20.0,903.0,768.0,28,55.35688555073489
500.1,0.0,0.0,200.0,3.0,1124.4,613.2,28,43.7145104879826
450.1,50.0,0.0,200.0,3.0,1124.4,613.2,28,39.937793496781964
397.0,17.2,158.0,167.0,20.8,967.0,633.0,28,55.573451584093334
333.0,17.5,163.0,167.0,17.9,996.0,652.0,28,47.36450353775656
334.0,17.6,158.0,189.0,15.3,967.0,633.0,28,44.392310797234785
405.0,0.0,0.0,175.0,0.0,1120.0,695.0,28,52.14066829333893
200.0,200.0,0.0,190.0,0.0,1145.0,660.0,28,48.34438856903652
516.0,0.0,0.0,162.0,8.26,801.0,802.0,28,41.49943823832842
145.0,116.0,119.0,184.0,5.7,833.0,880.0,28,29.09887469694908
160.0,128.0,122.0,182.0,6.4,824.0,879.0,28,38.873040469627426
234.0,156.0,0.0,189.0,5.85,981.0,760.0,28,38.69229688344154
250.0,180.0,95.0,159.0,9.45,860.0,800.0,28,67.63307854024258
475.0,0.0,0.0,162.0,9.5,1044.0,662.0,28,58.836863478806464
285.0,190.0,0.0,163.0,7.6,1031.0,685.0,28,53.817047029357894
356.0,119.0,0.0,160.0,9.03,1061.0,657.0,28,58.68267900561709
275.0,180.0,120.0,162.0,10.35,830.0,765.0,28,76.12384353642659
500.0,0.0,0.0,151.0,9.0,1033.0,655.0,28,69.97490750532829
165.0,0.02,143.57,163.81,0.0,1005.6,900.9,3,14.159302347689446
165.0,128.5,132.1,175.06,8.08,1005.8,746.6,3,18.964823586938845
178.03,129.8,118.6,179.94,3.57,1007.3,746.8,3,20.082624837150938
167.35,129.9,128.62,175.46,7.79,1006.3,746.6,3,15.721325398257893
172.38,13.61,172.37,156.76,4.14,1006.3,856.4,3,21.10867591595885
173.54,50.05,173.53,164.77,6.47,1006.2,793.5,3,22.799947040295137
167.0,75.4,167.0,164.03,7.91,1007.3,770.1,3,15.891299067677505
173.81,93.37,159.9,172.34,9.73,1007.2,746.6,3,15.654372975546712
190.34,0.0,125.18,166.61,9.88,1079.0,798.9,3,11.758766206287588
250.0,0.0,95.69,191.84,5.33,948.9,857.2,3,9.785699267423674
213.5,0.0,174.24,159.21,11.66,1043.6,771.9,3,15.815186600868053
194.68,0.0,100.52,170.17,7.48,998.0,901.8,3,12.807701080500477
251.37,0.0,118.27,192.94,5.75,1043.6,754.3,3,12.058668484867123
165.0,0.02,143.57,163.81,0.0,1005.6,900.9,14,18.13840557436746
165.0,128.5,132.1,175.06,8.08,1005.8,746.6,14,33.57397984998199
178.03,129.8,118.6,179.94,3.57,1007.3,746.8,14,34.120574597166026
167.35,129.9,128.62,175.46,7.79,1006.3,746.6,14,31.95829644960166
172.38,13.61,172.37,156.76,4.14,1006.3,856.4,14,29.459316767634604
173.54,50.05,173.53,164.77,6.47,1006.2,793.5,14,32.956977289733615
167.0,75.4,167.0,164.03,7.91,1007.3,770.1,14,32.50506862647268
173.81,93.37,159.9,172.34,9.73,1007.2,746.6,14,29.610062869707107
190.34,0.0,125.18,166.61,9.88,1079.0,798.9,14,19.27541585538877
250.0,0.0,95.69,191.84,5.33,948.9,857.2,14,24.303627725449225
213.5,0.0,174.24,159.21,11.66,1043.6,771.9,14,30.32077754826133
194.68,0.0,100.52,170.17,7.48,998.0,901.8,14,25.008946983508277
251.37,0.0,118.27,192.94,5.75,1043.6,754.3,14,22.34316040554681
165.0,0.02,143.57,163.81,0.0,1005.6,900.9,28,26.22604504820757
165.0,128.5,132.1,175.06,8.08,1005.8,746.6,28,45.00797307130538
178.03,129.8,118.6,179.94,3.57,1007.3,746.8,28,39.57026797601478
167.35,129.9,128.62,175.46,7.79,1006.3,746.6,28,41.222387236090995
172.38,13.61,172.37,156.76,4.14,1006.3,856.4,28,33.23976437737518
173.54,50.05,173.53,164.77,6.47,1006.2,793.5,28,39.3507699201798
167.0,75.4,167.0,164.03,7.91,1007.3,770.1,28,41.91763999223503
173.81,93.37,159.9,172.34,9.73,1007.2,746.6,28,37.714686310780266
190.34,0.0,125.18,166.61,9.88,1079.0,798.9,28,24.694667246432804
250.0,0.0,95.69,191.84,5.33,948.9,857.2,28,27.375543226544544
213.5,0.0,174.24,159.21,11.66,1043.6,771.9,28,43.74086941617603
194.68,0.0,100.52,170.17,7.48,998.0,901.8,28,35.70146531046432
251.37,0.0,118.27,192.94,5.75,1043.6,754.3,28,32.136448662637285
165.0,0.02,143.57,163.81,0.0,1005.6,900.9,56,35.869056858711375
165.0,128.5,132.1,175.06,8.08,1005.8,746.6,56,53.79613931823975
178.03,129.8,118.6,179.94,3.57,1007.3,746.8,56,49.06972446843868
167.35,129.9,128.62,175.46,7.79,1006.3,746.6,56,51.54752721872691
172.38,13.61,172.37,156.76,4.14,1006.3,856.4,56,36.33377182188983
173.54,50.05,173.53,164.77,6.47,1006.2,793.5,56,53.13572410906282
167.0,75.4,167.0,164.03,7.91,1007.3,770.1,56,52.58690598826175
173.81,93.37,159.9,172.34,9.73,1007.2,746.6,56,49.074659508415465
190.34,0.0,125.18,166.61,9.88,1079.0,798.9,56,31.978510614307563
250.0,0.0,95.69,191.84,5.33,948.9,857.2,56,38.409814826171285
213.5,0.0,174.24,159.21,11.66,1043.6,771.9,56,50.942876758124804
194.68,0.0,100.52,170.17,7.48,998.0,901.8,56,42.416740293504375
251.37,0.0,118.27,192.94,5.75,1043.6,754.3,56,38.23698914447756
165.0,0.02,143.57,163.81,0.0,1005.6,900.9,100,37.59969470016187
165.0,128.5,132.1,175.06,8.08,1005.8,746.6,100,55.38893910419547
178.03,129.8,118.6,179.94,3.57,1007.3,746.8,100,49.69619072682386
167.35,129.9,128.62,175.46,7.79,1006.3,746.6,100,53.942684146623236
172.38,13.61,172.37,156.76,4.14,1006.3,856.4,100,38.4700022290147
173.54,50.05,173.53,164.77,6.47,1006.2,793.5,100,55.563912900698064
167.0,75.4,167.0,164.03,7.91,1007.3,770.1,100,56.63130144498243
173.81,93.37,159.9,172.34,9.73,1007.2,746.6,100,51.23585246600702
190.34,0.0,125.18,166.61,9.88,1079.0,798.9,100,34.50882153628282
250.0,0.0,95.69,191.84,5.33,948.9,857.2,100,40.94158581739673
213.5,0.0,174.24,159.21,11.66,1043.6,771.9,100,53.5515650556041
194.68,0.0,100.52,170.17,7.48,998.0,901.8,100,44.6913751248661
251.37,0.0,118.27,192.94,5.75,1043.6,754.3,100,40.562687464393235
446.0,24.0,79.0,162.0,11.61,967.0,712.0,28,56.657223828712006
446.0,24.0,79.0,162.0,11.64,967.0,712.0,28,48.08738770208986
446.0,24.0,79.0,162.0,11.64,967.0,712.0,28,48.08738770208986
446.0,24.0,79.0,162.0,10.3,967.0,712.0,28,53.01320464308675
446.0,24.0,79.0,162.0,11.61,967.0,712.0,3,35.15873617985251
446.0,24.0,79.0,162.0,11.64,967.0,712.0,3,24.250401339631196
446.0,24.0,79.0,162.0,11.64,967.0,712.0,3,24.250401339631196
446.0,24.0,79.0,162.0,11.61,967.0,712.0,7,50.62057461211758
446.0,24.0,79.0,162.0,11.64,967.0,712.0,7,39.10664302853929
446.0,24.0,79.0,162.0,11.64,967.0,712.0,7,39.10664302853929
446.0,24.0,79.0,162.0,11.61,967.0,712.0,56,61.208209153118744
446.0,24.0,79.0,162.0,11.64,967.0,712.0,56,55.068651763942555
446.0,24.0,79.0,162.0,11.64,967.0,712.0,56,55.068651763942555
446.0,24.0,79.0,162.0,10.3,967.0,712.0,56,56.57243444713697
387.0,20.0,94.0,157.0,14.32,938.0,845.0,28,48.86984172883362
387.0,20.0,94.0,157.0,13.93,938.0,845.0,28,45.91466104561431
387.0,20.0,94.0,157.0,11.61,938.0,845.0,28,49.678865514885445
387.0,20.0,94.0,157.0,14.32,938.0,845.0,3,23.47283684355807
387.0,20.0,94.0,157.0,13.93,938.0,845.0,3,26.337260807173315
387.0,20.0,94.0,157.0,11.61,938.0,845.0,3,33.13632024710468
387.0,20.0,94.0,157.0,14.32,938.0,845.0,7,38.85066188623462
387.0,20.0,94.0,157.0,13.93,938.0,845.0,7,42.5670911981457
387.0,20.0,94.0,157.0,11.61,938.0,845.0,7,42.82880616122752
387.0,20.0,94.0,157.0,14.32,938.0,845.0,56,55.01824333873782
387.0,20.0,94.0,157.0,13.93,938.0,845.0,56,51.083755650173124
387.0,20.0,94.0,157.0,11.61,938.0,845.0,56,59.59142818029338
355.0,19.0,97.0,145.0,13.13,967.0,871.0,28,45.6160527266576
355.0,19.0,97.0,145.0,12.25,967.0,871.0,28,53.88960155132471
491.0,26.0,123.0,210.0,3.93,882.0,699.0,28,55.41744826577573
491.0,26.0,123.0,201.0,3.93,822.0,699.0,28,57.445209818827905
491.0,26.0,123.0,210.0,3.93,882.0,699.0,3,25.591336634023342
491.0,26.0,123.0,210.0,3.93,882.0,699.0,7,33.6985183522426
491.0,26.0,123.0,210.0,3.93,882.0,699.0,56,59.60083694916333
491.0,26.0,123.0,201.0,3.93,822.0,699.0,3,29.552451339620028
491.0,26.0,123.0,201.0,3.93,822.0,699.0,7,37.91859286982742
491.0,26.0,123.0,201.0,3.93,822.0,699.0,56,62.16467981315532
424.0,22.0,132.0,178.0,8.48,822.0,750.0,28,61.89573512738074
424.0,22.0,132.0,178.0,8.48,882.0,750.0,3,31.83597215880235
424.0,22.0,132.0,168.0,8.92,822.0,750.0,28,71.91561878505787
424.0,22.0,132.0,178.0,8.48,822.0,750.0,7,38.90462673840791
424.0,22.0,132.0,178.0,8.48,822.0,750.0,56,66.24375646984184
424.0,22.0,132.0,168.0,8.92,822.0,750.0,3,31.92726095668546
424.0,22.0,132.0,168.0,8.92,822.0,750.0,7,41.03313543160887
424.0,22.0,132.0,168.0,8.92,822.0,750.0,56,73.95969093701237
202.0,11.0,141.0,206.0,1.72,942.0,801.0,28,21.942663691894538
202.0,11.0,141.0,206.0,1.72,942.0,801.0,3,9.631377605549657
202.0,11.0,141.0,206.0,1.72,942.0,801.0,7,14.965388423662674
202.0,11.0,141.0,206.0,1.72,942.0,801.0,56,23.876111739572416
284.0,15.0,141.0,179.0,5.46,842.0,801.0,28,42.68310987534595
284.0,15.0,141.0,179.0,5.46,842.0,801.0,3,13.736121528684436
284.0,15.0,141.0,179.0,5.46,842.0,801.0,7,24.01977325397825
284.0,15.0,141.0,179.0,5.46,842.0,801.0,56,45.378746241275955
359.0,19.0,141.0,154.0,10.91,942.0,801.0,28,61.235562381935196
359.0,19.0,141.0,154.0,10.91,942.0,801.0,28,61.235562381935196
359.0,19.0,141.0,154.0,10.91,942.0,801.0,3,24.41660208822735
359.0,19.0,141.0,154.0,10.91,942.0,801.0,3,24.41660208822735
359.0,19.0,141.0,154.0,10.91,942.0,801.0,7,37.230025285742435
359.0,19.0,141.0,154.0,10.91,942.0,801.0,7,37.230025285742435
359.0,19.0,141.0,154.0,10.91,942.0,801.0,56,67.65485588042951
359.0,19.0,141.0,154.0,10.91,942.0,801.0,56,67.65485588042951
436.0,0.0,0.0,218.0,0.0,838.4,719.7,28,25.01798961474428
289.0,0.0,0.0,192.0,0.0,913.2,895.3,90,31.975805085869325
289.0,0.0,0.0,192.0,0.0,913.2,895.3,3,11.542601455103645
393.0,0.0,0.0,192.0,0.0,940.6,785.6,3,19.37568084829962
393.0,0.0,0.0,192.0,0.0,940.6,785.6,90,48.59545137328211
393.0,0.0,0.0,192.0,0.0,940.6,785.6,28,39.14104267571605
480.0,0.0,0.0,192.0,0.0,936.2,712.2,28,44.48531458427577
480.0,0.0,0.0,192.0,0.0,936.2,712.2,7,34.26194762678323
480.0,0.0,0.0,192.0,0.0,936.2,712.2,90,54.206703897191886
480.0,0.0,0.0,192.0,0.0,936.2,712.2,3,24.634683057237382
333.0,0.0,0.0,192.0,0.0,931.2,842.6,3,15.943630027295832
255.0,0.0,0.0,192.0,0.0,889.8,945.0,90,22.578979769154643
255.0,0.0,0.0,192.0,0.0,889.8,945.0,7,10.30607896812943
289.0,0.0,0.0,192.0,0.0,913.2,895.3,7,14.897893992844072
255.0,0.0,0.0,192.0,0.0,889.8,945.0,28,18.884356143897335
333.0,0.0,0.0,192.0,0.0,931.2,842.6,28,33.04127858408538
333.0,0.0,0.0,192.0,0.0,931.2,842.6,7,22.718539433543114
289.0,0.0,0.0,192.0,0.0,913.2,895.3,28,25.610682250441094
333.0,0.0,0.0,192.0,0.0,931.2,842.6,90,41.53562180907754
393.0,0.0,0.0,192.0,0.0,940.6,785.6,7,27.111853010223598
255.0,0.0,0.0,192.0,0.0,889.8,945.0,3,7.921783862886647
158.8,238.2,0.0,185.7,0.0,1040.6,734.3,7,9.857329114115792
239.6,359.4,0.0,185.7,0.0,941.6,664.3,7,25.459457751367854
238.2,158.8,0.0,185.7,0.0,1040.6,734.3,7,15.442821224365735
181.9,272.8,0.0,185.7,0.0,1012.4,714.3,28,28.02342603969759
193.5,290.2,0.0,185.7,0.0,998.2,704.3,28,32.18248268095427
255.5,170.3,0.0,185.7,0.0,1026.6,724.3,7,17.89405588686839
272.8,181.9,0.0,185.7,0.0,1012.4,714.3,7,19.112320395812024
239.6,359.4,0.0,185.7,0.0,941.6,664.3,28,40.3293244021216
220.8,147.2,0.0,185.7,0.0,1055.0,744.3,28,25.68226831230611
397.0,0.0,0.0,185.7,0.0,1040.6,734.3,28,32.99315166424384
382.5,0.0,0.0,185.7,0.0,1047.8,739.3,7,24.104036114819486
210.7,316.1,0.0,185.7,0.0,977.0,689.3,7,21.42807124240721
158.8,238.2,0.0,185.7,0.0,1040.6,734.3,28,21.579708632786403
295.8,0.0,0.0,185.7,0.0,1091.4,769.3,7,15.698065951800094
255.5,170.3,0.0,185.7,0.0,1026.6,724.3,28,31.883770070897192
203.5,135.7,0.0,185.7,0.0,1076.2,759.3,7,11.886316754515736
397.0,0.0,0.0,185.7,0.0,1040.6,734.3,7,25.475930017528555
381.4,0.0,0.0,185.7,0.0,1104.6,784.3,28,23.584633898969013
295.8,0.0,0.0,185.7,0.0,1091.4,769.3,28,24.852575647905446
228.0,342.1,0.0,185.7,0.0,955.8,674.3,28,39.37934942721799
220.8,147.2,0.0,185.7,0.0,1055.0,744.3,7,13.121632253276644
316.1,210.7,0.0,185.7,0.0,977.0,689.3,28,39.50312617123806
135.7,203.5,0.0,185.7,0.0,1076.2,759.3,7,7.440486554173655
238.1,0.0,0.0,185.7,0.0,1118.8,789.3,28,17.53581973592931
339.2,0.0,0.0,185.7,0.0,1069.2,754.3,7,20.83137296892619
135.7,203.5,0.0,185.7,0.0,1076.2,759.3,28,18.37078782988578
193.5,290.2,0.0,185.7,0.0,998.2,704.3,7,17.29009496277097
203.5,135.7,0.0,185.7,0.0,1076.2,759.3,28,22.99278301866874
290.2,193.5,0.0,185.7,0.0,998.2,704.3,7,21.17276063912024
181.9,272.8,0.0,185.7,0.0,1012.4,714.3,7,12.598755259753197
170.3,155.5,0.0,185.7,0.0,1026.6,724.3,28,24.88886353241704
210.7,316.1,0.0,185.7,0.0,977.0,689.3,28,37.488964364692855
228.0,342.1,0.0,185.7,0.0,955.8,674.3,7,21.90082198044563
290.2,193.5,0.0,185.7,0.0,998.2,704.3,28,34.00597351845625
381.4,0.0,0.0,185.7,0.0,1104.6,784.3,7,13.51690404817801
238.2,158.8,0.0,185.7,0.0,1040.6,734.3,28,27.160759688865646
186.2,124.1,0.0,185.7,0.0,1083.4,764.3,7,7.795129079083704
339.2,0.0,0.0,185.7,0.0,1069.2,754.3,28,31.772558734813494
238.1,0.0,0.0,185.7,0.0,1118.8,789.3,7,10.526973757655806
252.5,0.0,0.0,185.7,0.0,1111.6,784.3,28,19.474144124163097
382.5,0.0,0.0,185.7,0.0,1047.8,739.3,28,36.581758413754116
252.5,0.0,0.0,185.7,0.0,1111.6,784.3,7,11.797908606172708
316.1,210.7,0.0,185.7,0.0,977.0,689.3,7,24.542148104012487
186.2,124.1,0.0,185.7,0.0,1083.4,764.3,28,18.03677857988475
170.3,155.5,0.0,185.7,0.0,1026.6,724.3,7,11.190187871968783
272.8,181.9,0.0,185.7,0.0,1012.4,714.3,28,31.59575519976939
339.0,0.0,0.0,197.0,0.0,968.0,781.0,3,13.58275770079505
339.0,0.0,0.0,197.0,0.0,968.0,781.0,7,20.452790416757146
339.0,0.0,0.0,197.0,0.0,968.0,781.0,14,26.66979665403956
339.0,0.0,0.0,197.0,0.0,968.0,781.0,28,31.72517533375804
339.0,0.0,0.0,197.0,0.0,968.0,781.0,90,35.130610846649866
339.0,0.0,0.0,197.0,0.0,968.0,781.0,180,36.54714876188797
339.0,0.0,0.0,197.0,0.0,968.0,781.0,365,39.2805116551567
236.0,0.0,0.0,194.0,0.0,968.0,885.0,3,6.369321354859261
236.0,0.0,0.0,194.0,0.0,968.0,885.0,14,13.435567525588105
236.0,0.0,0.0,194.0,0.0,968.0,885.0,28,17.710978233754144
236.0,0.0,0.0,194.0,0.0,968.0,885.0,90,21.85675714949584
236.0,0.0,0.0,193.0,0.0,968.0,885.0,180,24.073512214476732
236.0,0.0,0.0,193.0,0.0,968.0,885.0,365,25.83225537362703
277.0,0.0,0.0,191.0,0.0,968.0,856.0,14,21.21739516294632
277.0,0.0,0.0,191.0,0.0,968.0,856.0,28,25.62038100264933
277.0,0.0,0.0,191.0,0.0,968.0,856.0,3,11.275014179164309
277.0,0.0,0.0,191.0,0.0,968.0,856.0,90,31.20562605717054
277.0,0.0,0.0,191.0,0.0,968.0,856.0,180,31.98989461319516
277.0,0.0,0.0,191.0,0.0,968.0,856.0,360,34.43173193911177
254.0,0.0,0.0,198.0,0.0,968.0,863.0,3,9.307692454785151
254.0,0.0,0.0,198.0,0.0,968.0,863.0,90,26.569873917711533
254.0,0.0,0.0,198.0,0.0,968.0,863.0,180,26.96404366534231
254.0,0.0,0.0,198.0,0.0,968.0,863.0,365,29.803601173701644
307.0,0.0,0.0,193.0,0.0,968.0,812.0,180,34.03130954595762
307.0,0.0,0.0,193.0,0.0,968.0,812.0,365,36.32473822457275
307.0,0.0,0.0,193.0,0.0,968.0,812.0,3,12.086852077767094
307.0,0.0,0.0,193.0,0.0,968.0,812.0,28,26.84644560197583
307.0,0.0,0.0,193.0,0.0,968.0,812.0,90,33.28152168936955
236.0,0.0,0.0,193.0,0.0,968.0,885.0,7,9.912171266316575
200.0,0.0,0.0,180.0,0.0,1125.0,845.0,7,8.026486020477272
200.0,0.0,0.0,180.0,0.0,1125.0,845.0,28,12.617347612988464
225.0,0.0,0.0,181.0,0.0,1113.0,833.0,7,11.04437594839541
225.0,0.0,0.0,181.0,0.0,1113.0,833.0,28,17.219516551872346
325.0,0.0,0.0,184.0,0.0,1063.0,783.0,7,17.181020791421403
325.0,0.0,0.0,184.0,0.0,1063.0,783.0,28,30.253176355365667
275.0,0.0,0.0,183.0,0.0,1088.0,808.0,7,14.19069945055373
275.0,0.0,0.0,183.0,0.0,1088.0,808.0,28,24.228573442783095
300.0,0.0,0.0,184.0,0.0,1075.0,795.0,7,15.507248292383302
300.0,0.0,0.0,184.0,0.0,1075.0,795.0,28,26.998742592452647
375.0,0.0,0.0,186.0,0.0,1038.0,758.0,7,26.275619227623313
375.0,0.0,0.0,186.0,0.0,1038.0,758.0,28,38.12805164879607
400.0,0.0,0.0,187.0,0.0,1025.0,745.0,28,42.6509777748886
400.0,0.0,0.0,187.0,0.0,1025.0,745.0,7,30.976118143168375
250.0,0.0,0.0,182.0,0.0,1100.0,820.0,7,12.674754625101073
250.0,0.0,0.0,182.0,0.0,1100.0,820.0,28,20.934111012482003
350.0,0.0,0.0,186.0,0.0,1050.0,770.0,7,20.127420676516273
350.0,0.0,0.0,186.0,0.0,1050.0,770.0,28,34.47986581177369
203.5,305.3,0.0,203.5,0.0,963.4,630.0,7,19.803538931021585
250.2,166.8,0.0,203.5,0.0,977.6,694.1,90,47.49665969871546
157.0,236.0,0.0,192.0,0.0,935.4,781.2,90,44.10540511254601
141.3,212.0,0.0,203.5,0.0,971.8,748.5,28,29.644242068417363
166.8,250.2,0.0,203.5,0.0,975.6,692.6,3,6.912292950489347
122.6,183.9,0.0,203.5,0.0,958.2,800.1,90,33.21707316619178
183.9,122.6,0.0,203.5,0.0,959.2,800.0,3,5.1482288564938665
102.0,153.0,0.0,192.0,0.0,887.0,942.0,3,4.399210700151244
102.0,153.0,0.0,192.0,0.0,887.0,942.0,90,25.508817405187997
122.6,183.9,0.0,203.5,0.0,958.2,800.1,28,23.996346025011476
166.8,250.2,0.0,203.5,0.0,975.6,692.6,28,33.816715875079765
200.0,133.0,0.0,192.0,0.0,965.4,806.2,3,11.104255491983746
108.3,162.4,0.0,203.5,0.0,938.2,849.0,28,20.613384518382965
305.3,203.5,0.0,203.5,0.0,965.4,631.0,7,25.83127772102052
108.3,162.4,0.0,203.5,0.0,938.2,849.0,90,28.68464123129612
116.0,173.0,0.0,192.0,0.0,909.8,891.9,90,30.96945735795255
141.3,212.0,0.0,203.5,0.0,971.8,748.5,7,10.99151220591827
157.0,236.0,0.0,192.0,0.0,935.4,781.2,28,32.55198478396588
133.0,200.0,0.0,192.0,0.0,927.4,839.2,28,27.653942143270903
250.2,166.8,0.0,203.5,0.0,977.6,694.1,7,19.152745901230738
173.0,116.0,0.0,192.0,0.0,946.8,856.8,7,11.470665445558637
192.0,288.0,0.0,192.0,0.0,929.8,716.1,3,12.698512647796488
192.0,288.0,0.0,192.0,0.0,929.8,716.1,28,39.24112910334144
153.0,102.0,0.0,192.0,0.0,888.0,943.1,3,4.788435116532218
288.0,192.0,0.0,192.0,0.0,932.0,717.8,3,15.864813889981473
305.3,203.5,0.0,203.5,0.0,965.4,631.0,28,42.823438873050165
236.0,157.0,0.0,192.0,0.0,972.6,749.1,7,20.568729906088734
173.0,116.0,0.0,192.0,0.0,946.8,856.8,3,6.62048356152534
212.0,141.3,0.0,203.5,0.0,973.4,750.0,7,15.057204842521429
236.0,157.0,0.0,192.0,0.0,972.6,749.1,3,12.767042507431412
183.9,122.6,0.0,203.5,0.0,959.2,800.0,90,32.1019528902135
166.8,250.2,0.0,203.5,0.0,975.6,692.6,7,15.49898606208879
102.0,153.0,0.0,192.0,0.0,887.0,942.0,7,7.396596660328786
288.0,192.0,0.0,192.0,0.0,932.0,717.8,28,39.06832842170178
212.0,141.3,0.0,203.5,0.0,973.4,750.0,28,31.954239189684436
102.0,153.0,0.0,192.0,0.0,887.0,942.0,28,17.80253423126031
173.0,116.0,0.0,192.0,0.0,946.8,856.8,28,24.222190205366584
183.9,122.6,0.0,203.5,0.0,959.2,800.0,28,24.084900459933326
133.0,200.0,0.0,192.0,0.0,927.4,839.2,90,37.411155346697235
192.0,288.0,0.0,192.0,0.0,929.8,716.1,90,50.75790163432397
133.0,200.0,0.0,192.0,0.0,927.4,839.2,7,13.488314770259414
305.3,203.5,0.0,203.5,0.0,965.4,631.0,3,14.52710458081897
236.0,157.0,0.0,192.0,0.0,972.6,749.1,90,47.1104301719282
108.3,162.4,0.0,203.5,0.0,938.2,849.0,3,2.8989550762614233
157.0,236.0,0.0,192.0,0.0,935.4,781.2,7,16.933739394730313
288.0,192.0,0.0,192.0,0.0,932.0,717.8,7,24.20909327208058
212.0,141.3,0.0,203.5,0.0,973.4,750.0,3,7.366125259148538
212.0,141.3,0.0,203.5,0.0,973.4,750.0,90,40.05930278524437
153.0,102.0,0.0,192.0,0.0,888.0,943.1,28,17.466258619978266
236.0,157.0,0.0,192.0,0.0,972.6,749.1,28,34.67115561113593
116.0,173.0,0.0,192.0,0.0,909.8,891.9,28,22.44507819960797
183.9,122.6,0.0,203.5,0.0,959.2,800.0,7,10.97525011092308
108.3,162.4,0.0,203.5,0.0,938.2,849.0,7,7.723267534667112
203.5,305.3,0.0,203.5,0.0,963.4,630.0,28,41.67411648984522
203.5,305.3,0.0,203.5,0.0,963.4,630.0,3,9.67558881564406
133.0,200.0,0.0,192.0,0.0,927.4,839.2,3,6.944965092745644
288.0,192.0,0.0,192.0,0.0,932.0,717.8,90,50.70682411254194
200.0,133.0,0.0,192.0,0.0,965.4,806.2,7,17.50427544975461
200.0,133.0,0.0,192.0,0.0,965.4,806.2,28,30.7644622828827
250.2,166.8,0.0,203.5,0.0,977.6,694.1,3,10.146435213490719
122.6,183.9,0.0,203.5,0.0,958.2,800.1,3,3.493083240934436
153.0,102.0,0.0,192.0,0.0,888.0,943.1,90,26.08669585270509
200.0,133.0,0.0,192.0,0.0,965.4,806.2,90,42.42462819039631
116.0,173.0,0.0,192.0,0.0,909.8,891.9,3,5.843804144378857
173.0,116.0,0.0,192.0,0.0,946.8,856.8,90,32.30745685962816
250.2,166.8,0.0,203.5,0.0,977.6,694.1,28,36.29235112259698
305.3,203.5,0.0,203.5,0.0,965.4,631.0,90,54.115412471564895
192.0,288.0,0.0,192.0,0.0,929.8,716.1,7,21.39776065582641
157.0,236.0,0.0,192.0,0.0,935.4,781.2,3,9.700334098453862
153.0,102.0,0.0,192.0,0.0,888.0,943.1,7,8.544953658024985
141.3,212.0,0.0,203.5,0.0,971.8,748.5,90,39.20780568140654
116.0,173.0,0.0,192.0,0.0,909.8,891.9,7,10.112969854415953
141.3,212.0,0.0,203.5,0.0,971.8,748.5,3,4.8270214889139975
122.6,183.9,0.0,203.5,0.0,958.2,800.1,7,10.06970410517878
166.8,250.2,0.0,203.5,0.0,975.6,692.6,90,43.480248659286836
203.5,305.3,0.0,203.5,0.0,963.4,630.0,90,51.67822443106027
310.0,0.0,0.0,192.0,0.0,1012.0,830.0,3,11.911606220173061
310.0,0.0,0.0,192.0,0.0,1012.0,830.0,7,17.123019083702655
310.0,0.0,0.0,192.0,0.0,1012.0,830.0,28,28.047518049592906
310.0,0.0,0.0,192.0,0.0,1012.0,830.0,90,35.86216461622652
310.0,0.0,0.0,192.0,0.0,1012.0,830.0,120,37.82706694504321
331.0,0.0,0.0,192.0,0.0,1025.0,821.0,3,14.115674830762854
331.0,0.0,0.0,192.0,0.0,1025.0,821.0,7,17.494683021083365
331.0,0.0,0.0,192.0,0.0,1025.0,821.0,28,31.538049296586347
331.0,0.0,0.0,192.0,0.0,1025.0,821.0,90,37.837545066465196
331.0,0.0,0.0,192.0,0.0,1025.0,821.0,120,39.45261105948022
349.0,0.0,0.0,192.0,0.0,1056.0,809.0,3,14.875889012823425
349.0,0.0,0.0,192.0,0.0,1056.0,809.0,7,11.506290371746548
349.0,0.0,0.0,192.0,0.0,1056.0,809.0,28,32.71779837022338
349.0,0.0,0.0,192.0,0.0,1056.0,809.0,90,40.12400162921496
349.0,0.0,0.0,192.0,0.0,1056.0,809.0,120,40.96219955316455
238.0,0.0,0.0,186.0,0.0,1119.0,789.0,7,11.907445789573515
238.0,0.0,0.0,186.0,0.0,1119.0,789.0,28,17.666575890300955
296.0,0.0,0.0,186.0,0.0,1090.0,769.0,7,18.232312350804857
296.0,0.0,0.0,186.0,0.0,1090.0,769.0,28,25.337777770887406
297.0,0.0,0.0,186.0,0.0,1040.0,734.0,7,29.177942757197314
480.0,0.0,0.0,192.0,0.0,936.0,721.0,28,44.17530621990289
480.0,0.0,0.0,192.0,0.0,936.0,721.0,90,53.64932985947282
397.0,0.0,0.0,186.0,0.0,1040.0,734.0,28,37.797627595881345
281.0,0.0,0.0,186.0,0.0,1104.0,774.0,7,14.395321812861063
281.0,0.0,0.0,185.0,0.0,1104.0,774.0,28,22.46880705511009
500.0,0.0,0.0,200.0,0.0,1125.0,613.0,1,12.956637036397833
500.0,0.0,0.0,200.0,0.0,1125.0,613.0,3,25.600696016336503
500.0,0.0,0.0,200.0,0.0,1125.0,613.0,7,32.85601688640911
500.0,0.0,0.0,200.0,0.0,1125.0,613.0,14,37.21433018918967
500.0,0.0,0.0,200.0,0.0,1125.0,613.0,28,43.706743313078825
540.0,0.0,0.0,173.0,0.0,1125.0,613.0,7,52.576470205226585
540.0,0.0,0.0,173.0,0.0,1125.0,613.0,14,60.10956695828729
540.0,0.0,0.0,173.0,0.0,1125.0,613.0,28,66.59910494726438
540.0,0.0,0.0,173.0,0.0,1125.0,613.0,90,69.89181521111544
540.0,0.0,0.0,173.0,0.0,1125.0,613.0,180,72.02651566333427
540.0,0.0,0.0,173.0,0.0,1125.0,613.0,270,73.25515320186501
350.0,0.0,0.0,203.0,0.0,974.0,775.0,7,17.370898723442018
350.0,0.0,0.0,203.0,0.0,974.0,775.0,14,22.79825135140459
350.0,0.0,0.0,203.0,0.0,974.0,775.0,28,27.462038077926096
350.0,0.0,0.0,203.0,0.0,974.0,775.0,56,29.658528127303562
350.0,0.0,0.0,203.0,0.0,974.0,775.0,90,31.951753679227025
350.0,0.0,0.0,203.0,0.0,974.0,775.0,180,33.191355706400465
385.0,0.0,0.0,186.0,0.0,966.0,763.0,1,6.356392307836849
385.0,0.0,0.0,186.0,0.0,966.0,763.0,3,14.397126758983184
385.0,0.0,0.0,186.0,0.0,966.0,763.0,7,22.854232926316282
385.0,0.0,0.0,186.0,0.0,966.0,763.0,14,28.252170341069466
385.0,0.0,0.0,186.0,0.0,966.0,763.0,28,32.08259031140392
331.0,0.0,0.0,192.0,0.0,978.0,825.0,180,38.850310807914
331.0,0.0,0.0,192.0,0.0,978.0,825.0,360,40.94301418117074
349.0,0.0,0.0,192.0,0.0,1047.0,806.0,3,15.213956515488068
331.0,0.0,0.0,192.0,0.0,978.0,825.0,3,13.569210785111162
382.0,0.0,0.0,186.0,0.0,1047.0,739.0,7,23.744882981658336
382.0,0.0,0.0,186.0,0.0,1047.0,739.0,28,37.36292433225218
382.0,0.0,0.0,186.0,0.0,1111.0,784.0,7,12.681870757686315
281.0,0.0,0.0,186.0,0.0,1104.0,774.0,28,22.545055861362883
339.0,0.0,0.0,185.0,0.0,1069.0,754.0,7,21.248360268168625
339.0,0.0,0.0,185.0,0.0,1069.0,754.0,28,32.22099822369633
295.0,0.0,0.0,185.0,0.0,1069.0,769.0,7,15.368658297940971
295.0,0.0,0.0,185.0,0.0,1069.0,769.0,28,25.28178325282544
238.0,0.0,0.0,185.0,0.0,1118.0,789.0,28,17.67760963570204
296.0,0.0,0.0,192.0,0.0,1085.0,765.0,7,14.436133757434906
296.0,0.0,0.0,192.0,0.0,1085.0,765.0,28,21.74257653899521
296.0,0.0,0.0,192.0,0.0,1085.0,765.0,90,29.399200161732008
331.0,0.0,0.0,192.0,0.0,879.0,825.0,3,13.426424746913419
331.0,0.0,0.0,192.0,0.0,978.0,825.0,7,17.100739737767867
331.0,0.0,0.0,192.0,0.0,978.0,825.0,28,31.3817042815758
331.0,0.0,0.0,192.0,0.0,978.0,825.0,90,37.41022240644901
349.0,0.0,0.0,192.0,0.0,1047.0,806.0,7,17.188865972668
349.0,0.0,0.0,192.0,0.0,1047.0,806.0,28,32.82939184159471
349.0,0.0,0.0,192.0,0.0,1047.0,806.0,90,39.82331361391476
349.0,0.0,0.0,192.0,0.0,1047.0,806.0,180,41.474173807012654
349.0,0.0,0.0,192.0,0.0,1047.0,806.0,360,41.94445016601627
302.0,0.0,0.0,203.0,0.0,974.0,817.0,14,18.20753651832566
302.0,0.0,0.0,203.0,0.0,974.0,817.0,180,27.60643358162411
525.0,0.0,0.0,189.0,0.0,1125.0,613.0,180,62.738373563443105
500.0,0.0,0.0,200.0,0.0,1125.0,613.0,90,47.91915827289079
500.0,0.0,0.0,200.0,0.0,1125.0,613.0,180,51.18997696175171
500.0,0.0,0.0,200.0,0.0,1125.0,613.0,270,54.832323643525896
540.0,0.0,0.0,173.0,0.0,1125.0,613.0,3,41.88792095268891
252.0,0.0,0.0,185.0,0.0,1111.0,784.0,7,12.779726781310174
252.0,0.0,0.0,185.0,0.0,1111.0,784.0,28,19.57846906498421
339.0,0.0,0.0,185.0,0.0,1060.0,754.0,28,32.14618874834646
393.0,0.0,0.0,192.0,0.0,940.0,758.0,3,19.638839836960933
393.0,0.0,0.0,192.0,0.0,940.0,758.0,28,39.20958567515278
393.0,0.0,0.0,192.0,0.0,940.0,758.0,90,48.920948897848575
382.0,0.0,0.0,185.0,0.0,1047.0,739.0,7,24.441257766269413
382.0,0.0,0.0,185.0,0.0,1047.0,739.0,28,37.12275417331193
252.0,0.0,0.0,186.0,0.0,1111.0,784.0,7,11.998978516069052
252.0,0.0,0.0,185.0,0.0,1111.0,784.0,28,19.57846906498421
310.0,0.0,0.0,192.0,0.0,970.0,850.0,7,15.711654380705902
310.0,0.0,0.0,192.0,0.0,970.0,850.0,28,27.684833111257944
310.0,0.0,0.0,192.0,0.0,970.0,850.0,90,34.75582614498929
310.0,0.0,0.0,192.0,0.0,970.0,850.0,180,37.01487645001059
310.0,0.0,0.0,192.0,0.0,970.0,850.0,360,37.9286346265519
525.0,0.0,0.0,189.0,0.0,1125.0,613.0,3,33.7744748346127
525.0,0.0,0.0,189.0,0.0,1125.0,613.0,7,42.77557922577407
525.0,0.0,0.0,189.0,0.0,1125.0,613.0,14,48.476064580939806
525.0,0.0,0.0,189.0,0.0,1125.0,613.0,28,56.04847516058637
525.0,0.0,0.0,189.0,0.0,1125.0,613.0,90,59.1032211879414
525.0,0.0,0.0,189.0,0.0,1125.0,613.0,270,66.03920324653315
322.0,0.0,0.0,203.0,0.0,974.0,800.0,14,21.0398877613998
322.0,0.0,0.0,203.0,0.0,974.0,800.0,28,24.828394675783244
322.0,0.0,0.0,203.0,0.0,974.0,800.0,180,30.054941230388234
302.0,0.0,0.0,203.0,0.0,974.0,817.0,28,22.122176289516073
397.0,0.0,0.0,185.0,0.0,1040.0,734.0,28,39.228770410324174
480.0,0.0,0.0,192.0,0.0,936.0,721.0,3,24.302171173820625
522.0,0.0,0.0,146.0,0.0,896.0,896.0,7,50.95175064765148
522.0,0.0,0.0,146.0,0.0,896.0,896.0,28,74.28967061316195
273.0,105.0,82.0,210.0,9.0,904.0,680.0,28,36.93371959003535
162.0,190.0,148.0,179.0,19.0,838.0,741.0,28,33.73811115001463
154.0,144.0,112.0,220.0,10.0,923.0,658.0,28,16.567969745156166
147.0,115.0,89.0,202.0,9.0,860.0,829.0,28,20.011783750205126
152.0,178.0,139.0,168.0,18.0,944.0,695.0,28,36.2768871892738
310.0,143.0,111.0,168.0,22.0,914.0,651.0,28,34.75691860918428
144.0,0.0,175.0,158.0,18.0,943.0,844.0,28,15.618190696626701
304.0,140.0,0.0,214.0,6.0,895.0,722.0,28,33.59421105153249
374.0,0.0,0.0,190.0,7.0,1013.0,730.0,28,39.34900932558993
159.0,149.0,116.0,175.0,15.0,953.0,720.0,28,27.898327211078048
153.0,239.0,0.0,200.0,6.0,1002.0,684.0,28,27.09084168625385
310.0,143.0,0.0,168.0,10.0,914.0,804.0,28,45.10518108022325
305.0,0.0,100.0,196.0,10.0,959.0,705.0,28,30.45535769469464
151.0,0.0,184.0,167.0,12.0,991.0,772.0,28,15.495698276553535
142.0,167.0,130.0,174.0,11.0,883.0,785.0,28,44.33057901495681
298.0,137.0,107.0,201.0,6.0,878.0,655.0,28,53.67517278820361
321.0,164.0,0.0,190.0,5.0,870.0,774.0,28,57.15345086785273
366.0,187.0,0.0,191.0,7.0,824.0,757.0,28,65.90521370599299
280.0,129.0,100.0,172.0,9.0,825.0,805.0,28,52.752040552002
252.0,97.0,76.0,194.0,8.0,835.0,821.0,28,33.49568903581244
165.0,0.0,150.0,182.0,12.0,1023.0,729.0,28,18.380189783418423
156.0,243.0,0.0,180.0,11.0,1022.0,698.0,28,37.249935577568294
160.0,188.0,146.0,203.0,11.0,829.0,710.0,28,33.161704542933954
298.0,0.0,107.0,186.0,6.0,879.0,815.0,28,42.567368187852914
318.0,0.0,126.0,210.0,6.0,861.0,737.0,28,39.75956697790454
287.0,121.0,94.0,188.0,9.0,904.0,696.0,28,42.59673763405365
326.0,166.0,0.0,174.0,9.0,882.0,790.0,28,61.060512810131385
356.0,0.0,142.0,193.0,11.0,801.0,778.0,28,40.79203986891139
132.0,207.0,161.0,179.0,5.0,867.0,736.0,28,33.15445228192263
322.0,149.0,0.0,186.0,8.0,951.0,709.0,28,52.290036230813094
164.0,0.0,200.0,181.0,13.0,849.0,846.0,28,15.023442108440447
314.0,0.0,113.0,170.0,10.0,925.0,783.0,28,38.891820721752026
321.0,0.0,128.0,182.0,11.0,870.0,780.0,28,37.179055825635345
140.0,164.0,128.0,237.0,6.0,869.0,656.0,28,35.20219292247423
288.0,121.0,0.0,177.0,7.0,908.0,829.0,28,42.422985907656084
298.0,0.0,107.0,210.0,11.0,880.0,744.0,28,31.68117673030036
265.0,111.0,86.0,195.0,6.0,833.0,790.0,28,41.228515832176626
160.0,250.0,0.0,168.0,12.0,1049.0,688.0,28,39.79441159247118
166.0,260.0,0.0,183.0,13.0,859.0,827.0,28,37.80066756404656
276.0,116.0,90.0,180.0,9.0,870.0,768.0,28,44.32466751213077
322.0,0.0,116.0,196.0,10.0,818.0,813.0,28,31.206160877235675
149.0,139.0,109.0,193.0,6.0,892.0,780.0,28,23.916161948341397
159.0,187.0,0.0,176.0,11.0,990.0,789.0,28,32.47585923190773
261.0,100.0,78.0,201.0,9.0,864.0,761.0,28,32.85846200201711
237.0,92.0,71.0,247.0,6.0,853.0,695.0,28,28.85233637118572
313.0,0.0,113.0,178.0,8.0,1002.0,689.0,28,36.89314572409067
155.0,183.0,0.0,193.0,9.0,1047.0,697.0,28,18.761386964017838
146.0,230.0,0.0,202.0,3.0,827.0,872.0,28,32.97384223077061
296.0,0.0,107.0,221.0,11.0,819.0,778.0,28,31.32376196787033
133.0,210.0,0.0,196.0,3.0,949.0,795.0,28,30.46549734642968
313.0,145.0,0.0,178.0,8.0,867.0,824.0,28,43.466110675845925
152.0,0.0,112.0,184.0,8.0,992.0,816.0,28,12.4964306372757
153.0,145.0,113.0,178.0,8.0,1002.0,689.0,28,25.428776624847984
140.0,133.0,103.0,200.0,7.0,916.0,753.0,28,36.05836436300153
149.0,236.0,0.0,176.0,13.0,847.0,893.0,28,32.776653311324445
300.0,0.0,120.0,212.0,10.0,878.0,728.0,28,23.848719554639885
153.0,145.0,113.0,178.0,8.0,867.0,824.0,28,26.4181530965519
148.0,0.0,137.0,158.0,16.0,1002.0,830.0,28,18.151977052570437
326.0,0.0,138.0,199.0,11.0,801.0,792.0,28,40.03271949382562
153.0,145.0,0.0,178.0,8.0,1000.0,822.0,28,19.03562986603088
262.0,111.0,86.0,195.0,5.0,895.0,733.0,28,33.94475517075524
158.0,0.0,195.0,220.0,11.0,898.0,713.0,28,8.59682983822912
151.0,0.0,185.0,167.0,16.0,1074.0,678.0,28,13.52521139991913
273.0,0.0,90.0,199.0,11.0,931.0,762.0,28,32.251727403168246
149.0,118.0,92.0,183.0,7.0,953.0,780.0,28,23.735345691329456
143.0,169.0,143.0,191.0,8.0,967.0,643.0,28,29.666316233443183
260.0,101.0,78.0,171.0,10.0,936.0,763.0,28,48.94531148047814
313.0,161.0,0.0,178.0,10.0,917.0,759.0,28,51.78774435009049
284.0,120.0,0.0,168.0,7.0,970.0,794.0,28,41.08440022250629
336.0,0.0,0.0,182.0,3.0,986.0,817.0,28,44.170236025947176
145.0,0.0,134.0,181.0,11.0,979.0,812.0,28,13.184989306603498
150.0,237.0,0.0,174.0,12.0,1069.0,675.0,28,37.34372294063779
144.0,170.0,133.0,192.0,8.0,814.0,805.0,28,30.055828638269123
331.0,170.0,0.0,195.0,8.0,811.0,802.0,28,56.4891760634124
155.0,0.0,143.0,193.0,9.0,1047.0,697.0,28,12.228551405634915
155.0,183.0,0.0,193.0,9.0,877.0,868.0,28,23.465882936273765
135.0,0.0,166.0,180.0,10.0,961.0,805.0,28,13.229573764707567
266.0,112.0,87.0,178.0,10.0,910.0,745.0,28,39.497050773249526
314.0,145.0,113.0,179.0,8.0,869.0,690.0,28,45.897997079147544
313.0,145.0,0.0,127.0,8.0,1000.0,822.0,28,44.58532903774089
146.0,173.0,0.0,182.0,3.0,986.0,817.0,28,24.049337890188824
144.0,136.0,106.0,178.0,7.0,941.0,774.0,28,26.21965798403309
148.0,0.0,182.0,181.0,15.0,839.0,884.0,28,15.381862749414328
277.0,117.0,91.0,191.0,7.0,946.0,666.0,28,43.487668786915634
298.0,0.0,107.0,164.0,13.0,953.0,784.0,28,36.20240524452609
313.0,145.0,0.0,178.0,8.0,1002.0,689.0,28,41.44631481052846
155.0,184.0,143.0,194.0,9.0,880.0,699.0,28,28.798839848630934
289.0,134.0,0.0,195.0,6.0,924.0,760.0,28,45.728849593641726
148.0,175.0,0.0,171.0,2.0,1000.0,828.0,28,27.050601563303175
145.0,0.0,179.0,202.0,8.0,824.0,869.0,28,10.403436177845169
313.0,0.0,0.0,178.0,8.0,1000.0,822.0,28,25.396501931558063
136.0,162.0,126.0,172.0,10.0,923.0,764.0,28,29.247111167292214
155.0,0.0,143.0,193.0,9.0,877.0,868.0,28,10.041553448225052
255.0,99.0,77.0,189.0,6.0,919.0,749.0,28,34.049420327570445
162.0,207.0,172.0,216.0,10.0,822.0,638.0,28,39.189800297916925
136.0,196.0,98.0,199.0,6.0,847.0,783.0,28,27.295914002931013
164.0,163.0,128.0,197.0,8.0,961.0,641.0,28,27.527586057380105
162.0,214.0,164.0,202.0,10.0,820.0,680.0,28,31.1910741780218
157.0,214.0,152.0,200.0,9.0,819.0,704.0,28,32.68451295101603
149.0,153.0,194.0,192.0,8.0,935.0,623.0,28,24.46924104767912
135.0,105.0,193.0,196.0,6.0,965.0,643.0,28,21.70782457556661
159.0,209.0,161.0,201.0,7.0,848.0,669.0,28,31.013921679209226
144.0,15.0,195.0,176.0,6.0,1021.0,709.0,28,15.299528828105881
154.0,174.0,185.0,228.0,7.0,845.0,612.0,28,24.90392736484786
167.0,187.0,195.0,185.0,7.0,898.0,636.0,28,24.090739881057843
184.0,86.0,190.0,213.0,6.0,923.0,623.0,28,23.2310365610563
156.0,178.0,187.0,221.0,7.0,854.0,614.0,28,29.002333813435566
236.9,91.7,71.5,246.9,6.0,852.9,695.4,28,28.46013838923816
313.3,0.0,113.0,178.5,8.0,1001.9,688.7,28,36.91011533296722
154.8,183.4,0.0,193.3,9.1,1047.4,696.7,28,18.667060299397377
145.9,230.5,0.0,202.5,3.4,827.0,871.8,28,33.12609807872482
296.0,0.0,106.7,221.4,10.5,819.2,778.4,28,31.394607881228936
133.1,210.2,0.0,195.7,3.1,949.4,795.3,28,29.365080124657002
313.3,145.0,0.0,178.5,8.0,867.2,824.0,28,41.919539862440324
151.6,0.0,111.9,184.4,7.9,992.0,815.9,28,12.246959390634593
153.1,145.0,113.0,178.5,8.0,1001.9,688.7,28,25.262538747317095
139.9,132.6,103.3,200.3,7.4,916.0,753.4,28,36.20198117799342
149.5,236.0,0.0,175.8,12.6,846.8,892.7,28,33.062996041306604
299.8,0.0,119.8,211.5,9.9,878.2,727.6,28,23.863442701276547
153.1,145.0,113.0,178.5,8.0,867.2,824.0,28,26.254002824091206
148.1,0.0,136.6,158.1,16.1,1001.8,830.1,28,17.748810986906395
326.5,0.0,137.9,199.0,10.8,801.1,792.5,28,39.06404599599425
152.7,144.7,0.0,178.1,8.0,999.7,822.2,28,19.086357425662012
261.9,110.5,86.1,195.4,5.0,895.2,732.6,28,33.6454025572217
158.4,0.0,194.9,219.7,11.0,897.7,712.9,28,8.758496515921838
150.7,0.0,185.3,166.7,15.6,1074.5,678.0,28,13.590866735139883
272.6,0.0,89.6,198.7,10.6,931.3,762.2,28,32.164636947108036
149.0,117.6,91.7,182.9,7.1,953.4,780.3,28,23.706864428693564
143.0,169.4,142.7,190.7,8.4,967.4,643.5,28,29.746647169989934
259.9,100.6,78.4,170.6,10.4,935.7,762.9,28,49.647207188723186
312.9,160.5,0.0,177.6,9.6,916.6,759.5,28,52.012086387614545
284.0,119.7,0.0,168.3,7.2,970.4,794.2,28,41.24562756324309
336.5,0.0,0.0,181.9,3.4,985.8,816.8,28,44.223033318507994
144.8,0.0,133.6,180.8,11.1,979.5,811.5,28,13.21964071321742
150.0,236.8,0.0,173.8,11.9,1069.3,674.8,28,37.52518795863982
143.7,170.2,132.6,191.6,8.5,814.1,805.3,28,29.79918369419438
330.5,169.6,0.0,194.9,8.1,811.0,802.3,28,56.5611032065052
154.8,0.0,142.8,193.3,9.1,1047.4,696.7,28,12.119708316830682
154.8,183.4,0.0,193.3,9.1,877.2,867.7,28,23.48708358216874
134.7,0.0,165.7,180.2,10.0,961.0,804.9,28,13.373358849391323
266.2,112.3,87.5,177.9,10.4,909.7,744.5,28,40.26129171055625
314.0,145.3,113.2,178.9,8.0,869.1,690.2,28,46.34626045124821
312.7,144.7,0.0,127.3,8.0,999.7,822.2,28,44.562438116693244
145.7,172.6,0.0,181.9,3.4,985.8,816.8,28,23.92377459305109
143.8,136.3,106.2,178.1,7.5,941.5,774.3,28,26.29570273388878
148.1,0.0,182.1,181.4,15.0,838.9,884.3,28,15.428215333985856
277.0,116.8,91.0,190.6,7.0,946.5,665.6,28,43.44801424911105
298.1,0.0,107.5,163.6,12.8,953.2,784.0,28,35.81715326496834
313.3,145.0,0.0,178.5,8.0,1001.9,688.7,28,40.98302199900943
155.2,183.9,143.2,193.8,9.2,879.6,698.5,28,29.5092780788616
289.0,133.7,0.0,194.9,5.5,924.1,760.1,28,45.706807976427356
147.8,175.1,0.0,171.2,2.2,1000.0,828.5,28,27.022455707213112
145.4,0.0,178.9,201.7,7.8,824.0,868.7,28,10.6971957213837
312.7,0.0,0.0,178.1,8.0,999.7,822.2,28,25.359230382039883
136.4,161.6,125.8,171.6,10.4,922.6,764.4,28,29.664222895309955
154.8,0.0,142.8,193.3,9.1,877.2,867.7,28,9.901998576217093
255.3,98.8,77.0,188.6,6.5,919.0,749.3,28,34.03275139433145
272.8,105.1,81.8,209.7,9.0,904.0,679.7,28,36.8842011886077
162.0,190.1,148.1,178.8,18.8,838.1,741.4,28,33.92789274457331
153.6,144.2,112.3,220.1,10.1,923.2,657.9,28,16.657719571141023
146.5,114.6,89.3,201.9,8.8,860.0,829.5,28,20.242366625804767
151.8,178.1,138.7,167.5,18.3,944.0,694.6,28,36.27899287121414
309.9,142.8,111.2,167.8,22.1,913.9,651.2,28,37.36951707499344
143.6,0.0,174.9,158.4,17.9,942.7,844.5,28,15.062614202243743
303.6,139.9,0.0,213.5,6.2,895.5,722.5,28,33.45309743136529
374.3,0.0,0.0,190.2,6.7,1013.2,730.4,28,38.88863761981598
158.6,148.9,116.0,175.1,15.0,953.3,719.7,28,27.62232275217865
152.6,238.7,0.0,200.0,6.3,1001.8,683.9,28,27.05787407482167
310.0,142.8,0.0,167.9,10.0,914.3,804.0,28,45.7821490096606
304.8,0.0,99.6,196.0,9.8,959.4,705.2,28,30.456233862569363
150.9,0.0,183.9,166.6,11.6,991.2,772.2,28,15.641898392892902
141.9,166.6,129.7,173.5,10.9,882.6,785.3,28,44.51449153699676
297.8,137.2,106.9,201.3,6.0,878.4,655.3,28,53.18353750346388
321.3,164.2,0.0,190.5,4.6,870.0,774.0,28,57.28434627249652
366.0,187.0,0.0,191.3,6.6,824.3,756.9,28,65.83008714606339
279.8,128.9,100.4,172.4,9.5,825.1,804.9,28,52.81658581861906
252.1,97.1,75.6,193.8,8.3,835.5,821.4,28,33.42427230134004
164.6,0.0,150.4,181.6,11.7,1023.3,728.9,28,18.07813785981298
155.6,243.5,0.0,180.3,10.7,1022.0,697.7,28,37.05283498533304
160.2,188.0,146.4,203.2,11.3,828.7,709.7,28,34.99490788900709
298.1,0.0,107.0,186.4,6.1,879.0,815.2,28,42.4398946849546
317.9,0.0,126.5,209.7,5.7,860.5,736.6,28,39.53445715075883
287.3,120.5,93.9,187.6,9.2,904.4,695.9,28,43.291258029641234
325.6,166.4,0.0,174.0,8.9,881.6,790.0,28,61.11424408146619
355.9,0.0,141.6,193.3,11.0,801.4,778.4,28,40.904144061507665
132.0,206.5,160.9,178.9,5.5,866.9,735.6,28,33.233911233689284
322.5,148.6,0.0,185.8,8.5,951.0,709.5,28,52.08414480622675
164.2,0.0,200.1,181.2,12.6,849.3,846.0,28,15.191112600216307
313.8,0.0,112.6,169.9,10.1,925.3,782.9,28,38.33348782121108
321.4,0.0,127.9,182.5,11.5,870.1,779.7,28,37.756507874214265
139.7,163.9,127.7,236.7,5.8,868.6,655.6,28,35.224580861176484
288.4,121.0,0.0,177.4,7.0,907.9,829.5,28,42.191956708156354
298.2,0.0,107.0,209.7,11.1,879.6,744.2,28,31.945507990350748
264.5,111.0,86.5,195.5,5.9,832.6,790.4,28,41.503955249579725
159.8,250.0,0.0,168.4,12.2,1049.3,688.2,28,39.4076024307124
166.0,259.7,0.0,183.2,12.7,858.8,826.8,28,37.897859787215275
276.4,116.0,90.3,179.6,8.9,870.1,768.3,28,44.48188314287218
322.2,0.0,115.6,196.0,10.4,817.9,813.4,28,31.36826100117092
148.5,139.4,108.6,192.7,6.1,892.4,780.0,28,23.860326640138535
159.1,186.7,0.0,175.6,11.3,989.6,788.9,28,32.76720332094895
260.9,100.5,78.3,200.6,8.6,864.5,761.5,28,32.45340991263736
